{
	"info": {
		"_postman_id": "7012ab01-bd3c-4f01-99ca-bd5925065490",
		"name": "E-Commerce-API",
		"schema": "https://schema.getpostman.com/json/collection/v2.1.0/collection.json",
		"_exporter_id": "25364682"
	},
	"item": [
		{
			"name": "CustomUser",
			"item": [
				{
					"name": "/getusers",
					"request": {
						"auth": {
							"type": "basic",
							"basic": [
								{
									"key": "username",
									"value": "super@admin.com",
									"type": "string"
								},
								{
									"key": "password",
									"value": "123",
									"type": "string"
								}
							]
						},
						"method": "GET",
						"header": [],
						"url": {
							"raw": "http://localhost:8080/getusers",
							"protocol": "http",
							"host": [
								"localhost"
							],
							"port": "8080",
							"path": [
								"getusers"
							]
						}
					},
					"response": []
				},
				{
					"name": "/addadmin",
					"request": {
						"auth": {
							"type": "basic",
							"basic": [
								{
									"key": "username",
									"value": "super@admin.com",
									"type": "string"
								},
								{
									"key": "password",
									"value": "123",
									"type": "string"
								}
							]
						},
						"method": "POST",
						"header": [],
						"body": {
							"mode": "raw",
							"raw": "{\r\n    \"name\": \"mona\",\r\n    \"email\":\"mona@admin.com\",\r\n    \"passcode\":\"123\"\r\n}",
							"options": {
								"raw": {
									"language": "json"
								}
							}
						},
						"url": {
							"raw": "http://localhost:8080/addadmin",
							"protocol": "http",
							"host": [
								"localhost"
							],
							"port": "8080",
							"path": [
								"addadmin"
							]
						}
					},
					"response": []
				},
				{
					"name": "/adduser",
					"request": {
						"method": "POST",
						"header": [],
						"body": {
							"mode": "raw",
							"raw": "{\r\n    \"name\": \"james\",\r\n    \"email\": \"james@gmail.com\",\r\n    \"passcode\": \"123\"\r\n}",
							"options": {
								"raw": {
									"language": "json"
								}
							}
						},
						"url": {
							"raw": "http://localhost:8080/adduser",
							"protocol": "http",
							"host": [
								"localhost"
							],
							"port": "8080",
							"path": [
								"adduser"
							]
						}
					},
					"response": []
				},
				{
					"name": "/updateuser",
					"request": {
						"auth": {
							"type": "basic",
							"basic": [
								{
									"key": "username",
									"value": "james@gmail.com",
									"type": "string"
								},
								{
									"key": "password",
									"value": "123",
									"type": "string"
								}
							]
						},
						"method": "PUT",
						"header": [],
						"body": {
							"mode": "raw",
							"raw": "{\r\n    \"id\": 11,\r\n    \"name\": \"jimmy\",\r\n    \"email\": \"jimmy@gmail.com\",\r\n    \"passcode\": \"123\"\r\n}",
							"options": {
								"raw": {
									"language": "json"
								}
							}
						},
						"url": {
							"raw": "http://localhost:8080/updateuser",
							"protocol": "http",
							"host": [
								"localhost"
							],
							"port": "8080",
							"path": [
								"updateuser"
							]
						}
					},
					"response": []
				},
				{
					"name": "/deleteadmin",
					"request": {
						"auth": {
							"type": "basic",
							"basic": [
								{
									"key": "username",
									"value": "super@admin.com",
									"type": "string"
								},
								{
									"key": "password",
									"value": "123",
									"type": "string"
								}
							]
						},
						"method": "DELETE",
						"header": [],
						"url": {
							"raw": "http://localhost:8080/deleteadmin/9",
							"protocol": "http",
							"host": [
								"localhost"
							],
							"port": "8080",
							"path": [
								"deleteadmin",
								"9"
							]
						}
					},
					"response": []
				},
				{
					"name": "/deleteuser",
					"request": {
						"auth": {
							"type": "basic",
							"basic": [
								{
									"key": "username",
									"value": "sam@gmail.com",
									"type": "string"
								},
								{
									"key": "password",
									"value": "123",
									"type": "string"
								}
							]
						},
						"method": "DELETE",
						"header": [],
						"url": {
							"raw": "http://localhost:8080/deleteuser/7",
							"protocol": "http",
							"host": [
								"localhost"
							],
							"port": "8080",
							"path": [
								"deleteuser",
								"7"
							]
						}
					},
					"response": []
				}
			]
		},
		{
			"name": "Products",
			"item": [
				{
					"name": "/getproducts",
					"request": {
						"auth": {
							"type": "basic",
							"basic": [
								{
									"key": "username",
									"value": "tom@gmail.com",
									"type": "string"
								},
								{
									"key": "password",
									"value": "123",
									"type": "string"
								}
							]
						},
						"method": "GET",
						"header": [],
						"url": {
							"raw": "http://localhost:8080/getproducts",
							"protocol": "http",
							"host": [
								"localhost"
							],
							"port": "8080",
							"path": [
								"getproducts"
							]
						}
					},
					"response": []
				},
				{
					"name": "/addproduct",
					"request": {
						"auth": {
							"type": "basic",
							"basic": [
								{
									"key": "password",
									"value": "123",
									"type": "string"
								},
								{
									"key": "username",
									"value": "tom@gmail",
									"type": "string"
								}
							]
						},
						"method": "POST",
						"header": [],
						"body": {
							"mode": "raw",
							"raw": "{\r\n    \"category\": \"MOBILE\",    \r\n    \"brand\":\"Apple\",\r\n    \"model\":\"iPhone 11\",\r\n    \"price\":\"15000\",\r\n    \"rating\":\"4.1\"\r\n}",
							"options": {
								"raw": {
									"language": "json"
								}
							}
						},
						"url": {
							"raw": "http://localhost:8080/addproduct",
							"protocol": "http",
							"host": [
								"localhost"
							],
							"port": "8080",
							"path": [
								"addproduct"
							]
						}
					},
					"response": []
				},
				{
					"name": "/updateproduct",
					"request": {
						"auth": {
							"type": "basic",
							"basic": [
								{
									"key": "username",
									"value": "tom@gmail.com",
									"type": "string"
								},
								{
									"key": "password",
									"value": "123",
									"type": "string"
								}
							]
						},
						"method": "PUT",
						"header": [],
						"body": {
							"mode": "raw",
							"raw": "{\r\n    \"id\":1,\r\n    \"category\": \"MOBILE\",    \r\n    \"brand\":\"Apple\",\r\n    \"model\":\"iPhone 22\",\r\n    \"price\":\"12000\",\r\n    \"rating\":\"4.1\"\r\n}",
							"options": {
								"raw": {
									"language": "json"
								}
							}
						},
						"url": {
							"raw": "http://localhost:8080/updateproduct",
							"protocol": "http",
							"host": [
								"localhost"
							],
							"port": "8080",
							"path": [
								"updateproduct"
							]
						}
					},
					"response": []
				},
				{
					"name": "/deleteproduct",
					"request": {
						"auth": {
							"type": "basic",
							"basic": [
								{
									"key": "username",
									"value": "tom@gmail.com",
									"type": "string"
								},
								{
									"key": "password",
									"value": "123",
									"type": "string"
								}
							]
						},
						"method": "DELETE",
						"header": [],
						"body": {
							"mode": "raw",
							"raw": "{\r\n    \"id\":2,\r\n    \"category\": \"MOBILE\",    \r\n    \"brand\":\"Apple\",\r\n    \"model\":\"iPhone 2\",\r\n    \"price\":\"12000\",\r\n    \"rating\":\"4.1\"\r\n}",
							"options": {
								"raw": {
									"language": "json"
								}
							}
						},
						"url": {
							"raw": "http://localhost:8080/deleteproduct/1",
							"protocol": "http",
							"host": [
								"localhost"
							],
							"port": "8080",
							"path": [
								"deleteproduct",
								"1"
							]
						}
					},
					"response": []
				}
			]
		}
	]
}